sample-id	label
China_BC10	1
China_BC12	1
China_BC18	1
China_BC24	1
China_BC26	1
China_BC30	1
China_BC31	1
China_BC37	1
China_BC43	1
China_BC47	1
China_BC49	1
China_BC51	1
China_BC52	1
China_BC53	1
China_BC54	1
China_BC55	1
China_BC56	1
China_CT17	0
China_CT18	0
China_CT5	0
China_BC11	1
China_BC13	1
China_BC14	1
China_BC15	1
China_BC16	1
China_BC19	1
China_BC22	1
China_BC23	1
China_BC25	1
China_BC27	1
China_BC28	1
China_BC2	1
China_BC44	1
China_BC48	1
China_BC9	1
China_CT10	0
China_CT11	0
China_CT12	0
China_CT14	0
China_CT1	0
China_CT2	0
China_CT3	0
China_CT4	0
China_CT6	0
China_CT8	0
China_CT9	0
China_BC1	1
China_BC3	1
China_BC4	1
China_BC5	1
China_BC6	1
China_BC34	1
China_BC38	1
China_BC58	1
China_BC59	1
China_CT13	0
China_BC41	1
China_BC17	1
China_BC7	1
China_CT15	0
China_BC29	1
China_BC33	1
China_CT7	0
China_BC60	1
China_BC8	1
China_BC35	1
China_BC36	1
China_BC40	1
China_BC45	1
China_BC46	1
China_BC50	1
China_BC61	1
China_CT19	0
China_BC21	1
China_BC32	1
China_CT16	0
China_BC20	1
China_BC57	1
China_BC42	1
China_BC39	1
China_BC62	1
Croatia_BC1	1
Croatia_BC10	1
Croatia_BC11	1
Croatia_BC12	1
Croatia_BC13	1
Croatia_BC2	1
Croatia_BC3	1
Croatia_BC4	1
Croatia_BC5	1
Croatia_BC6	1
Croatia_BC7	1
Croatia_BC9	1
Croatia_CT1	0
Croatia_CT10	0
Croatia_CT11	0
Croatia_CT2	0
Croatia_CT3	0
Croatia_CT4	0
Croatia_CT5	0
Croatia_CT6	0
Croatia_CT7	0
Croatia_CT8	0
Croatia_CT9	0
Croatia_BC8	1
Croatia_BC14	1
Hungary_UI01	1
Hungary_UI02	1
Hungary_UI03	1
Hungary_UI04	1
Hungary_UN01	1
Hungary_UN02	1
Hungary_UN03	1
Hungary_UN04	1
Hungary_UN05	1
Hungary_UN06	1
