clustered_position	original_index	feature_name	taxonomy	confidence
0	19	020a4147fdda0810264634c477c464877f797e04	d__Bacteria;p__Firmicutes;c__Negativicutes;o__Veillonellales-Selenomonadales;f__Veillonellaceae;g__Veillonella;s__	0.9999996200878212
1	18	207cc82ff40d87754104a4b4ecc14f86c90c2340	d__Bacteria;p__Proteobacteria;c__Gammaproteobacteria;o__Pseudomonadales;f__Moraxellaceae;g__Acinetobacter;s__	0.9999518652274628
2	17	73251a92727c8aab29d42db10336185211501958	d__Bacteria;p__Firmicutes;c__Clostridia;o__Peptostreptococcales-Tissierellales;f__Family_XI;g__Finegoldia;s__	0.9999999764750104
3	21	6616fa7724ccf4845d63a56b7347d9c33a69219d	d__Bacteria;p__Firmicutes;c__Bacilli;o__Lactobacillales;f__Enterococcaceae;g__Enterococcus;s__	0.9666003834546092
4	20	5a3071e7a71f2adeb3efac1876e570e324f0c98a	d__Bacteria;p__Firmicutes;c__Bacilli;o__Lactobacillales;f__Streptococcaceae;g__Streptococcus;s__	0.9999259712100054
5	16	32162a2e28fd0827ad25448bf116f24d7f95d108	d__Bacteria;p__Firmicutes;c__Bacilli;o__Lactobacillales;f__Carnobacteriaceae;g__Granulicatella;s__	0.8185169220302079
6	15	5afd4f3b6ad921cd38b282e4b9c105b47eccc589	d__Bacteria;p__Firmicutes;c__Bacilli;o__Bacillales;f__Sporolactobacillaceae;g__uncultured;s__	0.9999977971898592
7	25	39348d141eb637a37c02e9b68d23c1103874e710	d__Bacteria;p__Firmicutes;c__Negativicutes;o__Veillonellales-Selenomonadales;f__Veillonellaceae;g__Veillonella;s__	0.999969154586644
8	24	40664a90211bb84e8035f92cfa1ebf5e705419bf	d__Bacteria;p__Proteobacteria;c__Alphaproteobacteria;o__Rhizobiales;f__Rhizobiaceae;g__Allorhizobium-Neorhizobium-Pararhizobium-Rhizobium;s__	0.9066173809894952
9	23	a33023457eac95f9721b33610392af20f38167c0	d__Bacteria;p__Proteobacteria;c__Alphaproteobacteria;o__Rickettsiales;f__Mitochondria;g__Mitochondria;s__	0.9162955567581136
10	22	2c35d0036d35ac400f5cdaa5d9c440be824e552a	d__Bacteria;p__Firmicutes;c__Bacilli;o__Mycoplasmatales;f__Mycoplasmataceae;g__Ureaplasma;s__	0.999999999684036
11	40	670d9b350cb79c298dfa6f6ceec4b7e24b8202a1	d__Bacteria	0.9022316669111174
12	39	a09fda7a63e61a791b943d56d6d2ace11299cf7d	d__Bacteria;p__Firmicutes;c__Clostridia;o__Peptostreptococcales-Tissierellales;f__Peptostreptococcaceae;g__Peptostreptococcus;s__	0.9999804965173072
13	38	d22d737581a52707214ccd2827dff3ebbf3350a4	d__Bacteria;p__Firmicutes;c__Clostridia;o__Peptostreptococcales-Tissierellales;f__Family_XI;g__Peptoniphilus;s__	0.9999998704748037
14	37	70f6374dd8913dfa51f6f32a977301f65292f2d6	d__Bacteria;p__Proteobacteria;c__Gammaproteobacteria;o__Xanthomonadales;f__Xanthomonadaceae;g__Vulcaniibacterium;s__	0.9998578575848972
15	36	2c10749a7f75f6775f2bd675f3458af49ef110eb	d__Bacteria;p__Bacteroidota;c__Bacteroidia;o__Bacteroidales;f__Bacteroidaceae;g__Bacteroides;s__	0.9999826325660978
16	35	9e767b88bd9ccef3c811360dd0e89c5b2ebed120	d__Bacteria;p__Actinobacteriota;c__Actinobacteria;o__Propionibacteriales;f__Propionibacteriaceae;g__Cutibacterium;s__	0.9999857355437484
17	34	f45e054bd7da76c93b46ae17b4f1a409efbfd3d9	d__Bacteria;p__Firmicutes;c__Negativicutes;o__Veillonellales-Selenomonadales;f__Veillonellaceae;g__Veillonellaceae;s__	0.8150927501511147
18	33	b84423380564532302d55826b0858890cdcd345d	d__Bacteria;p__Proteobacteria;c__Gammaproteobacteria;o__Pseudomonadales;f__Pseudomonadaceae;g__Pseudomonas;s__	0.9956631899302572
19	30	3b6a1a2a112eea653fdabb25ab08d7d6ec8af9bd	d__Bacteria;p__Actinobacteriota;c__Coriobacteriia;o__Coriobacteriales;f__Atopobiaceae;g__Atopobium;s__	0.9849736527338973
20	29	ae2bd879c740a1ceff25381ad3f852ad7c24197f	d__Bacteria;p__Proteobacteria;c__Gammaproteobacteria;o__Enterobacterales;f__Pasteurellaceae;g__Haemophilus;s__	0.9971577058195208
21	28	4b99c0d9eb069c16064bc2472f46d5e5059e9ae2	d__Bacteria;p__Actinobacteriota;c__Actinobacteria;o__Corynebacteriales;f__Corynebacteriaceae;g__Corynebacterium;s__	0.9914781068703766
22	27	4aec75c36b5a15cb1b481f0968ae56b5a2230648	d__Bacteria;p__Campylobacterota;c__Campylobacteria;o__Campylobacterales;f__Campylobacteraceae;g__Campylobacter;s__	0.9999827929808528
23	26	b7df99ac3ed4ab393e5c0269b585db12d2bb11c3	d__Bacteria;p__Bacteroidota;c__Bacteroidia;o__Bacteroidales;f__Porphyromonadaceae;g__Porphyromonas;s__	0.9972392973066108
24	32	e2f188b2a4fa1c0e066e3c79c006183e055663f5	d__Bacteria;p__Bacteroidota;c__Bacteroidia;o__Bacteroidales;f__Prevotellaceae;g__Prevotella;s__	0.8913412183763783
25	31	9b0f0bcc8d6ed5c7614f29df62a74b2ead110754	d__Bacteria;p__Actinobacteriota;c__Actinobacteria;o__Micrococcales;f__Micrococcaceae;g__Micrococcus;s__	0.9926893729451872
26	7	17f265f901b5a424f062673da4784f53437a94cc	d__Bacteria;p__Firmicutes;c__Bacilli;o__Staphylococcales;f__Staphylococcaceae;g__Staphylococcus;s__	0.9999948136091408
27	5	900f5a56b23caefa00863aeb258cd2c28fb1e1d3	d__Bacteria;p__Proteobacteria;c__Gammaproteobacteria;o__Burkholderiales;f__Comamonadaceae;g__Delftia;s__	0.9450648858810416
28	6	16c9f3db1a76439d84e3ac11078be0d1d9027152	d__Bacteria;p__Proteobacteria;c__Gammaproteobacteria;o__Enterobacterales;f__Enterobacteriaceae	0.91903428293917
29	4	23619757a0a0b4a056c20e65935fd4b163b253ec	d__Bacteria;p__Bacteroidota;c__Bacteroidia;o__Bacteroidales;f__Prevotellaceae	0.9992975829930324
30	3	290c73c8196689bcaf7d493dbcb13366a6bc3864	d__Bacteria;p__Proteobacteria;c__Gammaproteobacteria;o__Enterobacterales	0.999999957105666
31	2	eb844593d5b3b5220ad04c4277bb972f932318de	d__Bacteria;p__Proteobacteria;c__Gammaproteobacteria;o__Enterobacterales;f__Enterobacteriaceae;g__Escherichia-Shigella;s__	0.9983936464575623
32	12	7d6f829338a490babd72c65ababe38d094c889a9	d__Bacteria;p__Proteobacteria;c__Gammaproteobacteria;o__Pseudomonadales;f__Moraxellaceae;g__Enhydrobacter;s__	0.9998764613175026
33	11	2c381c69770165e80b0758e5f099a9d3b3fa0446	d__Bacteria;p__Proteobacteria;c__Alphaproteobacteria;o__Rickettsiales;f__Mitochondria;g__Mitochondria;s__	0.8414719885481627
34	10	83a2ca14160a2fbcaa0f59070cea5209da91f030	d__Bacteria;p__Firmicutes;c__Bacilli;o__Lactobacillales;f__Lactobacillaceae;g__Lactobacillus;s__	0.9891844474685468
35	9	29745595638f02e762a544baa35efd9ef7e9e203	d__Bacteria;p__Proteobacteria;c__Alphaproteobacteria;o__Rickettsiales;f__Mitochondria;g__Mitochondria;s__	0.8952707260557089
36	8	0e41e16252aeddbaee740ead88f438eba5ba32b5	d__Bacteria;p__Proteobacteria;c__Alphaproteobacteria;o__Rickettsiales;f__Mitochondria;g__Mitochondria;s__	0.7822982022672522
37	1	acd65322be9817e96c5cc2d642eb932520a6ed53	d__Bacteria;p__Firmicutes;c__Bacilli;o__Lactobacillales;f__Streptococcaceae;g__Streptococcus;s__	0.9999997063513753
38	0	#OTUID		
39	60	9e36540e882767b2c9e30dabfb821ef468635277	d__Bacteria;p__Firmicutes;c__Clostridia;o__Peptostreptococcales-Tissierellales;f__Family_XI;g__Anaerococcus;s__	0.9999999997902478
40	59	e840ecbdbd322a50010ca0bbfa19bb80e9683f37	d__Bacteria;p__Firmicutes;c__Clostridia;o__Peptostreptococcales-Tissierellales;f__Family_XI;g__Anaerococcus;s__	0.9999999999561168
41	135	473642e6451b28134feaba3ecb18e02519824a73	d__Bacteria;p__Proteobacteria;c__Alphaproteobacteria;o__Caulobacterales;f__Caulobacteraceae;g__Caulobacter;s__	0.9976123054381268
42	134	43685107454d4ee9e516d38a056070a3f18eee57	d__Bacteria;p__Proteobacteria;c__Gammaproteobacteria;o__Burkholderiales;f__Neisseriaceae;g__uncultured;s__	0.9924387116431652
43	133	10f77e081754fd4a038b827acb34d2d470eea7b0	d__Bacteria;p__Proteobacteria;c__Alphaproteobacteria;o__Rhizobiales;f__Beijerinckiaceae;g__Bosea;s__	0.999413411413858
44	121	bd0d291068fd810cb0de067a634f15f34e36d750	Unassigned	0.5382020736803999
45	120	b071443f36501f1c2ecf993297436bdce65f4b2e	d__Bacteria;p__Firmicutes;c__Bacilli;o__Bacillales;f__Bacillaceae;g__Geobacillus;s__	0.9999402564437264
46	119	e5870a14551a6c1a7cd4d72ecefce27acd6c96fb	d__Bacteria;p__Actinobacteriota;c__Actinobacteria;o__Micrococcales;f__Microbacteriaceae	0.9959348351944384
47	118	958cfb186c163d952d512a786c7e5f502b96a45d	Unassigned	0.3361215708916737
48	112	1c09ef83690760d48da410cb1aa23b0276fc8180	d__Bacteria;p__Proteobacteria;c__Alphaproteobacteria;o__Rickettsiales;f__Mitochondria;g__Mitochondria;s__	0.8680535418168828
49	113	15d03807e1eef0b239fe6b7a9dde38609c25ead4	d__Bacteria;p__Proteobacteria;c__Alphaproteobacteria;o__Rickettsiales;f__Mitochondria;g__Mitochondria;s__	0.8772926992853827
50	111	40ca1c4c5d1a65c4ff734a5d5785b7093eb1dda5	d__Bacteria;p__Firmicutes;c__Bacilli;o__Bacillales	0.9983936186087444
51	110	9dc1ec2001a77db9d62b8bb11203f2a504385cdc	d__Bacteria;p__Actinobacteriota;c__Actinobacteria;o__Corynebacteriales;f__Corynebacteriaceae;g__Corynebacterium;s__	0.9926623494685892
52	117	694d7e3b5ca3a3ea8645a38e644fcae8e32d26b8	d__Bacteria;p__Proteobacteria;c__Alphaproteobacteria;o__Rickettsiales;f__Mitochondria;g__Mitochondria;s__	0.8919051439509571
53	116	f54596ba4303ee4fd1c6af85e47a275f399fba10	d__Bacteria;p__Proteobacteria;c__Alphaproteobacteria;o__Rickettsiales;f__Mitochondria;g__Mitochondria;s__	0.7496888821173726
54	115	a5a0674aae39f34ebca08606c2d83b62f28be792	d__Bacteria;p__Firmicutes;c__Bacilli;o__Staphylococcales;f__Staphylococcaceae;g__Jeotgalicoccus;s__	0.9997262725260204
55	114	15ece636736cdf05f6cb2c50246ad6367f9f1786	Unassigned	0.3433280166745208
56	108	1d9cc2325869f48bb7ec37dcc0279cf48234a0a7	d__Bacteria;p__Actinobacteriota;c__Actinobacteria;o__Corynebacteriales;f__Nocardiaceae;g__Rhodococcus;s__	0.9991937531561316
57	107	cc3fd4025c3646bbc20f2c36ff53484cd74a6e96	d__Bacteria;p__Proteobacteria;c__Gammaproteobacteria;o__Burkholderiales;f__Comamonadaceae;g__Comamonas;s__	0.9510547820376446
58	109	00c28b5b9c764c08a5ba1271e18e828c92b2a437	d__Bacteria;p__Proteobacteria;c__Alphaproteobacteria;o__Rickettsiales;f__Mitochondria;g__Mitochondria;s__	0.8947322457685483
59	132	3e17701b4ef1e90d5fb798ca3bbcdbf70128225b	d__Bacteria;p__Proteobacteria;c__Alphaproteobacteria;o__Sphingomonadales;f__Sphingomonadaceae;g__Porphyrobacter;s__	0.901217917280208
60	131	58d43d3fcb763b61c80972c1939058e01a1f7378	d__Eukaryota	0.7614517933281473
61	130	248f495734adc464a40757d0566c811a85b1e31d	d__Bacteria	0.7855804339489786
62	129	5031ce2a782cceab308e72c9b229806cbdd4974b	d__Bacteria;p__Firmicutes;c__Clostridia;o__Peptostreptococcales-Tissierellales;f__Family_XI;g__Anaerococcus;s__	0.9999999995928022
63	126	cbc30290719229abe54171201bb910afb0c1f2ee	d__Bacteria;p__Actinobacteriota;c__Actinobacteria;o__Micrococcales;f__Intrasporangiaceae	0.9880086748097912
64	125	d745f60677a3b04b67f5b674a1db141062c66144	d__Bacteria;p__Proteobacteria;c__Alphaproteobacteria;o__Rickettsiales;f__Mitochondria;g__Mitochondria;s__	0.9338144346868322
65	128	920a3ddad444dbf9e1f9522bd593063851487f0e	d__Bacteria;p__Actinobacteriota;c__Actinobacteria;o__Micrococcales;f__Dermacoccaceae;g__Dermacoccus;s__	0.8686301610578263
66	127	0bac520a4db93778f6b0b2b88625340d6514ce9b	d__Bacteria;p__Proteobacteria;c__Alphaproteobacteria;o__Sphingomonadales;f__Sphingomonadaceae;g__Novosphingobium;s__	0.8847716728998043
67	124	0c6f47e872b906fc599bec1a9c38535317139d41	Unassigned	0.4225709017403375
68	123	1a9fc9cfc0a93a8d0c9963468e51f8f0fa263043	d__Bacteria;p__Firmicutes;c__Clostridia;o__Peptostreptococcales-Tissierellales;f__Family_XI;g__Anaerococcus;s__	0.9999999618642628
69	122	b720588ecf41df08d45af8f735c22d2293b9777c	d__Bacteria;p__Firmicutes;c__Clostridia;o__Peptostreptococcales-Tissierellales;f__Family_XI;g__Fenollaria;s__	0.9999998923644629
70	106	d075033d847fe550e48be5d9d0a5b2e1d03b1ecb	d__Bacteria;p__Proteobacteria;c__Alphaproteobacteria;o__Caulobacterales;f__Caulobacteraceae;g__Brevundimonas;s__	0.9590507290246776
71	105	0c7577751792826756e815d0e6c60068a998eb14	d__Bacteria;p__Actinobacteriota;c__Actinobacteria;o__Actinomycetales;f__Actinomycetaceae;g__Actinomyces;s__	0.9996747805734328
72	165	0fd5037c098a36642b753a3860e49f21d36b19cb	d__Bacteria;p__Firmicutes;c__Clostridia;o__Peptostreptococcales-Tissierellales;f__Family_XI;g__Peptoniphilus;s__	0.9998561703685256
73	164	384ac752dfb81cf3dfb1cf4e8d1e794cf4a28cd5	d__Bacteria;p__Proteobacteria;c__Alphaproteobacteria;o__Rickettsiales;f__Mitochondria;g__Mitochondria;s__	0.8627832265419898
74	167	861b437c27de2262b8eee13c0c548074e52c0f12	d__Bacteria;p__Proteobacteria;c__Gammaproteobacteria;o__Pseudomonadales;f__Moraxellaceae;g__Acinetobacter;s__	0.9999320586822652
75	166	5550661e4d5c9d85832edccc64a3b920ba6cd9d7	d__Bacteria;p__Proteobacteria;c__Alphaproteobacteria;o__Rickettsiales;f__Mitochondria;g__Mitochondria;s__	0.71954808760046
76	154	0d578f86bf55178ee637b39cdcc224589b6175bb	d__Eukaryota	0.7904367856249563
77	153	a043e27ac8d6107f0dcd6d17ee95ba53a34dc6a4	d__Bacteria;p__Proteobacteria;c__Gammaproteobacteria;o__Pseudomonadales;f__Moraxellaceae;g__Acinetobacter;s__	0.999971449788942
78	148	0fa66fcfb690dafc8b4ca2b74ba4c98554056643	d__Bacteria;p__Actinobacteriota;c__Actinobacteria;o__Corynebacteriales;f__Corynebacteriaceae;g__Corynebacterium;s__	0.9977326365236874
79	149	52107e5e2bd1dfc955ae27f66d2f30631ca019b0	d__Bacteria;p__Proteobacteria;c__Alphaproteobacteria;o__Rickettsiales;f__Mitochondria;g__Mitochondria;s__	0.9353317052117006
80	155	3ade5e7c4585e2b271dc9f45ecf74a3dbaeaf79c	d__Bacteria;p__Firmicutes;c__Bacilli;o__Lactobacillales	0.9999927791729908
81	152	2fea0918f865f72236fae5aec77dac5851ee51d9	d__Bacteria;p__Proteobacteria;c__Alphaproteobacteria;o__Rickettsiales;f__Mitochondria;g__Mitochondria;s__	0.7320184833063431
82	151	0d9277a575b1fa673cc8e122806e169e4acf49f3	d__Bacteria;p__Firmicutes;c__Bacilli;o__Exiguobacterales;f__Exiguobacteraceae;g__Exiguobacterium;s__	0.9999986693167714
83	170	66a56bd61ce38f2ffc4da3296b9843707546573a	d__Bacteria;p__Fusobacteriota;c__Fusobacteriia;o__Fusobacteriales;f__Leptotrichiaceae;g__Sneathia;s__	0.9999798239172272
84	169	33d2f51064dffbe7a5098daa849735892f69bbf2	d__Bacteria;p__Firmicutes;c__Bacilli;o__Lactobacillales;f__Carnobacteriaceae;g__Atopostipes;s__	0.9979260812395776
85	150	3487aef5046c9376aadc72aaf6a743706b0f8504	d__Bacteria	0.7072776282049992
86	168	0371ba05dd87fd1fae8e2af9dfbf46833f53781a	d__Bacteria;p__Proteobacteria;c__Gammaproteobacteria;o__Pseudomonadales;f__Moraxellaceae;g__Alkanindiges;s__	0.9943401016322224
87	147	01045afe8ffe504169bf04236e250b2a6258c3b4	d__Bacteria;p__Proteobacteria;c__Alphaproteobacteria;o__Rickettsiales;f__Mitochondria;g__Mitochondria;s__	0.7848838309346549
88	172	3c8b2381970b56a5ccc5476e6f5565d4a93f89a5	d__Bacteria;p__Proteobacteria;c__Alphaproteobacteria;o__Rhizobiales;f__Rhizobiaceae;g__Allorhizobium-Neorhizobium-Pararhizobium-Rhizobium;s__	0.8898095722103074
89	171	0fac237dac835470bc5aa29eba715d34976f4802	d__Bacteria;p__Proteobacteria;c__Gammaproteobacteria;o__Burkholderiales;f__Comamonadaceae;g__Diaphorobacter;s__	0.8583811149633963
90	163	d25007157a975690b856d04c28b5401be503c45a	d__Bacteria;p__Firmicutes;c__Clostridia;o__Peptostreptococcales-Tissierellales;f__Family_XI;g__Peptoniphilus;s__	0.999980090253348
91	162	23ca0699fb096c1095ba36c8a35f14013a55a70f	d__Bacteria;p__Proteobacteria;c__Alphaproteobacteria;o__Rickettsiales;f__Mitochondria;g__Mitochondria;s__	0.9561398488510258
92	161	cb2f8bb072c0b00579b24590f7b78181d5afe3c8	d__Bacteria;p__Proteobacteria;c__Alphaproteobacteria;o__Sphingomonadales;f__Sphingomonadaceae;g__Novosphingobium;s__	0.9313955751926528
93	160	408f1cdb4e59f3841b46a8f01c5f0bbd7fc0007a	d__Bacteria;p__Proteobacteria;c__Alphaproteobacteria;o__Rickettsiales;f__Mitochondria;g__Mitochondria;s__	0.8795714656457021
94	159	30b252286f3f305f1e95384991b02d1ca014e8ae	d__Bacteria;p__Proteobacteria;c__Alphaproteobacteria;o__Sphingomonadales;f__Sphingomonadaceae;g__Sphingomonas;s__	0.8986527947042383
95	157	66f96dcf1608be6ba138dfc805378303fa7fe279	d__Bacteria;p__Firmicutes;c__Bacilli;o__Lactobacillales;f__Streptococcaceae;g__Streptococcus;s__	0.999954135450062
96	156	22906975c30bbad541128b38528a30f6fc7d3837	Unassigned	0.5226426044643127
97	158	337fcfd2d0482c6e7220d2625df7c991831207ae	d__Bacteria;p__Firmicutes;c__Bacilli;o__Lactobacillales;f__Lactobacillaceae;g__Ligilactobacillus;s__	0.9994315459403134
98	145	0644b9540c70adb12b203b19c82d86e1cc3aa48b	Unassigned	0.3926769448528631
99	144	0ecb8f205008abc4f29207ecfe57ac64968a2a00	Unassigned	0.569545226514858
100	143	1c1628c7559f778fbbf2743982531ff33af66b6b	d__Eukaryota	0.8061253361034949
101	146	4e555c8cad27ffca9ae2a34046ee00f76497037f	d__Bacteria;p__Proteobacteria;c__Alphaproteobacteria;o__Rickettsiales;f__Mitochondria;g__Mitochondria;s__	0.9158523931203922
102	142	04a1f1ea4fd1affc57b34a48301b2e6bdbef51b6	d__Bacteria;p__Proteobacteria;c__Alphaproteobacteria;o__Rickettsiales;f__Mitochondria;g__Mitochondria;s__	0.7946590009403997
103	137	8f690e8c111ce2a9cb0ef789c488f186add88167	d__Bacteria;p__Actinobacteriota;c__Actinobacteria;o__Corynebacteriales;f__Mycobacteriaceae;g__Mycobacterium;s__	0.999924728902264
104	136	02976bb8d28710596ebbd7c9f3a0e01d69707c4a	d__Bacteria;p__Actinobacteriota;c__Actinobacteria;o__Propionibacteriales;f__Propionibacteriaceae;g__Propionimicrobium;s__	0.9981045929467532
105	141	078a7827067a8855acf601f9c266659a8fe6e314	d__Eukaryota	0.7409855552510954
106	139	89c3771ed3f82b8fc02b4c317174b0d471ce5d10	d__Bacteria;p__Cyanobacteria;c__Cyanobacteriia;o__Chloroplast;f__Chloroplast;g__Chloroplast;s__	0.9999987209525268
107	140	18d664db7f57637f2aa36180d4543d55ed700d20	d__Bacteria;p__Firmicutes;c__Bacilli;o__Bacillales;f__Bacillaceae;g__Anoxybacillus;s__	0.8995290637761263
108	138	5f749785c8819f05cc31afe34254b109f9dcfb7e	d__Eukaryota	0.832241184569134
109	104	5b8ea8a1d4e5801c946f1d4aec76750e529c50ae	d__Bacteria;p__Bacteroidota;c__Bacteroidia;o__Bacteroidales;f__Porphyromonadaceae;g__Porphyromonas;s__	0.9824317111936506
110	103	a250ff1e8b08b65ec3c340450b07a15b9364b1c0	Unassigned	0.327983773173798
111	102	4257d8d85163826c742edc0a9940fa1e56d00aea	d__Bacteria;p__Proteobacteria;c__Alphaproteobacteria;o__Sphingomonadales;f__Sphingomonadaceae;g__Sphingobium;s__	0.9962946636715488
112	101	03928da1930a5ab5ce065e4e7df6b135bd9c21ab	d__Bacteria;p__Proteobacteria;c__Gammaproteobacteria;o__Pseudomonadales;f__Moraxellaceae;g__Acinetobacter;s__	0.9999955318510336
113	100	3132a14a01cd8098df3e9c71b728322c19f23521	d__Bacteria;p__Firmicutes;c__Bacilli;o__Lactobacillales;f__Carnobacteriaceae;g__Atopostipes;s__	0.999770199045768
114	73	e9f7ee5b49e58e26ec7494942cfde012b97dd887	d__Bacteria;p__Proteobacteria;c__Gammaproteobacteria;o__Burkholderiales;f__Comamonadaceae;g__Aquabacterium;s__	0.9776646367252284
115	72	2c79988f6d4ca44a6f49bc95ab91e5b53743d539	d__Bacteria;p__Firmicutes;c__Bacilli;o__Bacillales;f__Bacillaceae;g__Bacillus;s__	0.9981648650449538
116	74	62479943966b3651e98785c4849ce4f0b3633453	d__Bacteria;p__Firmicutes;c__Bacilli;o__Bacillales;f__Bacillaceae;g__Bacillus;s__	0.9097269495698932
117	75	d563dcf4e2fe6ee7b745af14baaa91b3c1fb3047	d__Bacteria;p__Proteobacteria;c__Alphaproteobacteria;o__Rickettsiales;f__Mitochondria;g__Mitochondria;s__	0.959808659135179
118	77	70ba7247ae0be55cf000c6df470f50fa96c8de6f	d__Bacteria;p__Proteobacteria;c__Alphaproteobacteria;o__Rhizobiales;f__Beijerinckiaceae;g__Methylobacterium-Methylorubrum;s__	0.9999303029919434
119	76	fbbea300118dcc4ff4291641f191d2b8b444b44a	d__Bacteria;p__Proteobacteria;c__Alphaproteobacteria;o__Rickettsiales;f__Mitochondria;g__Mitochondria;s__	0.8205804812546555
120	79	09e3ea70ab023d7c905683a07361abee456bad1e	d__Bacteria;p__Actinobacteriota;c__Actinobacteria;o__Micrococcales;f__Dermabacteraceae;g__Dermabacter;s__	0.9998147679310884
121	78	207bf3413f42ac9c09e438c08eba8078cf3da457	d__Bacteria;p__Actinobacteriota;c__Actinobacteria;o__Micrococcales;f__Brevibacteriaceae;g__Brevibacterium;s__	0.9999998745173934
122	68	70e7f548bd7f98af4bc3a25f742a154f0be5a189	d__Bacteria;p__Bacteroidota;c__Bacteroidia;o__Bacteroidales;f__Prevotellaceae;g__Prevotella_7;s__	0.9999440888894396
123	67	b89fb826fba7582c2f28da011b8e28242a6f4ee7	d__Bacteria;p__Bacteroidota;c__Bacteroidia;o__Flavobacteriales;f__Weeksellaceae;g__Cloacibacterium;s__	0.9998974937965076
124	65	0f869e8db3355cf9146ac1612f645cb23179ea9a	d__Bacteria;p__Bacteroidota;c__Bacteroidia;o__Bacteroidales;f__Prevotellaceae;g__Prevotella;s__	0.8632391527642113
125	71	ca8dafc259835817c9153b93dd5cd31325b91602	d__Bacteria;p__Proteobacteria;c__Gammaproteobacteria;o__Pseudomonadales;f__Moraxellaceae;g__Acinetobacter;s__	0.999980874189795
126	70	120a3ef97ee9ba2b70e2d09cdb9917f4c85a43e9	Unassigned	0.5361777783296318
127	69	c8a55ea58d12b62ed0f778ab121d6f72fd6245a6	d__Bacteria;p__Proteobacteria;c__Alphaproteobacteria;o__Rhodobacterales;f__Rhodobacteraceae;g__Paracoccus;s__	0.931642380670399
128	80	8ac262da952757adc93dd41546915560a815f155	d__Bacteria;p__Proteobacteria;c__Gammaproteobacteria;o__Pseudomonadales;f__Pseudomonadaceae;g__Pseudomonas;s__	0.8704136434563225
129	66	3e25185ae9a1188aa6bfdf2e17c94a551bd81ef5	d__Bacteria;p__Proteobacteria;c__Alphaproteobacteria;o__Rickettsiales;f__Mitochondria;g__Mitochondria;s__	0.928362321666759
130	81	0a4b88790e9b36721042620cf1f20868fe246848	d__Bacteria;p__Bacteroidota;c__Bacteroidia;o__Flavobacteriales;f__Weeksellaceae;g__Chryseobacterium;s__	0.9969968923272304
131	84	6bdada751c1574303ca9aa10ffd310faa970d611	d__Bacteria;p__Cyanobacteria;c__Cyanobacteriia;o__Chloroplast;f__Chloroplast;g__Chloroplast;s__	0.9975811862646328
132	83	a22673e7890a921f0cc9f7b8b4411e0c8af51f4b	d__Bacteria;p__Actinobacteriota;c__Actinobacteria;o__Micrococcales;f__Micrococcaceae;g__Kocuria;s__	0.9608386782733404
133	82	21c69fb54987b5186e59162ad626a9f6fb021e5c	d__Bacteria;p__Firmicutes;c__Bacilli;o__Staphylococcales;f__Gemellaceae;g__Gemella;s__	0.9999999025483012
134	92	8968ee8652a20f3fa6be7ef52b6225c3193bd598	d__Bacteria;p__Proteobacteria;c__Alphaproteobacteria;o__Rickettsiales;f__Mitochondria;g__Mitochondria;s__	0.7346441940448405
135	91	9f882b4c8d2129ddb2a5dbe3182de5bb015690b7	d__Bacteria;p__Proteobacteria;c__Gammaproteobacteria;o__Xanthomonadales;f__Xanthomonadaceae;g__Stenotrophomonas;s__	0.999919118128762
136	94	7f534cd7fa78f10fcb1142b124c2d15c752da4be	d__Bacteria;p__Proteobacteria;c__Alphaproteobacteria;o__Rickettsiales;f__Mitochondria;g__Mitochondria;s__	0.91163822081861
137	93	7a153f078b607f80d9a58a61fc6b54a0098b2e28	d__Bacteria;p__Proteobacteria;c__Alphaproteobacteria;o__Rickettsiales;f__Mitochondria;g__Mitochondria;s__	0.9168679452285192
138	95	19a0e08ff9533d1578939ed680c70e3b22104b80	d__Bacteria;p__Proteobacteria;c__Alphaproteobacteria;o__Rickettsiales;f__Mitochondria;g__Mitochondria;s__	0.8052586342645511
139	90	5874244a7410690a446387ff85a0e35d69152b16	d__Bacteria;p__Firmicutes;c__Clostridia;o__Peptostreptococcales-Tissierellales;f__Family_XI;g__Ezakiella;s__	0.9999999969958538
140	89	18a69ef0b57e7f0a3199560495453f950f1db14c	d__Bacteria;p__Bacteroidota;c__Bacteroidia;o__Bacteroidales;f__Prevotellaceae	0.9996837549580804
141	97	5616c711f439aeb36d836a361d15fe063e04865d	d__Bacteria;p__Proteobacteria;c__Gammaproteobacteria;o__Burkholderiales;f__Burkholderiaceae;g__Burkholderia-Caballeronia-Paraburkholderia;s__	0.9970111442741691
142	96	2bf3e387e70e9d52d5f38b3d2f5e5f0d531d8076	Unassigned	0.4761322532441705
143	88	8a0c9c9a0cf0c1443e2c0eaf77c45b8f823cdee0	d__Bacteria;p__Proteobacteria;c__Gammaproteobacteria;o__Burkholderiales;f__Comamonadaceae;g__Acidovorax;s__	0.8971293309557635
144	87	c4076ac3677e419a6cbe3a41f2431e72e7e13ea0	d__Bacteria;p__Proteobacteria;c__Alphaproteobacteria;o__Rhizobiales;f__Rhizobiales_Incertae_Sedis;g__Phreatobacter;s__	0.9999261951272488
145	86	3de5dd29ba5ab7b2626aba1201cd6c7f25e5cd8d	Unassigned	0.3183812896961564
146	85	c575e3108309a172e58934b7c9d9bbaa286f7f7c	d__Bacteria	0.7200196921856985
147	99	1ca912097a25c870b693f4db147f8a8a1f0109ee	d__Bacteria;p__Proteobacteria;c__Gammaproteobacteria;o__Pseudomonadales;f__Pseudomonadaceae;g__Pseudomonas;s__	0.9998322487774318
148	98	79bdd10c7d301ca4da269e2c286614e46d3b3855	d__Bacteria;p__Actinobacteriota;c__Actinobacteria;o__Corynebacteriales;f__Nocardiaceae;g__Rhodococcus;s__	0.9994765677752324
149	64	1b95a3c648d4a638362b54a41f3d134ddb2f7167	d__Bacteria;p__Proteobacteria;c__Gammaproteobacteria;o__Pseudomonadales;f__Moraxellaceae;g__Alkanindiges;s__	0.9953414945804552
150	63	5ca3135df22bde3b7b695d1c92fd69ba25fb5f75	d__Bacteria;p__Proteobacteria;c__Alphaproteobacteria;o__Rickettsiales;f__Mitochondria;g__Mitochondria;s__	0.9118768758237688
151	249	ff3dbc94d5dba4e35561d731e7fb246d8957fc2a	d__Bacteria;p__Bacteroidota;c__Bacteroidia;o__Bacteroidales;f__Porphyromonadaceae;g__Porphyromonas;s__	0.9585464720088523
152	248	8d11ee216ab3de74fd54d08f66f7e1e30443eb7a	d__Bacteria;p__Firmicutes;c__Clostridia;o__Peptostreptococcales-Tissierellales;f__Family_XI;g__Peptoniphilus;s__	0.9835631499129768
153	251	6a284f1ac0452e6304a7284f10561af34169ae05	d__Bacteria;p__Firmicutes;c__Clostridia;o__Peptostreptococcales-Tissierellales;f__Family_XI;g__Anaerococcus;s__	0.9999999295609452
154	247	ca1e46906ed73489ba53a2733deff81df4fd480b	d__Bacteria;p__Firmicutes;c__Clostridia;o__Peptostreptococcales-Tissierellales;f__Family_XI;g__Murdochiella;s__	0.9999966841395156
155	246	50752aae79203689a554aac6b228aa9f5a922299	d__Bacteria;p__Proteobacteria;c__Gammaproteobacteria;o__Enterobacterales;f__Enterobacteriaceae;g__Escherichia-Shigella;s__	0.9083432069252664
156	250	0b04e8380696973b80f537da2cffba9c4307af30	d__Bacteria;p__Firmicutes;c__Clostridia;o__Peptostreptococcales-Tissierellales;f__Family_XI;g__Anaerococcus;s__	0.9999998488715648
157	256	e18b2daf3d415679217a653c2851bf852bf1d2bd	d__Bacteria;p__Firmicutes;c__Clostridia;o__Peptostreptococcales-Tissierellales;f__Family_XI;g__W5053;s__	0.9510927632881104
158	255	dc6f04c0f12c6c2f2b83f6eb0b37e7a169007279	d__Bacteria;p__Actinobacteriota;c__Coriobacteriia;o__Coriobacteriales;f__uncultured;g__uncultured;s__	0.998513712668281
159	258	ade77565bd02117838f5637fe5c8bbeb47c8b699	Unassigned	0.3030025533748584
160	257	05c3b115200a49a699f2ae58d72a1bec93d09d4f	d__Bacteria;p__Firmicutes;c__Clostridia;o__Peptostreptococcales-Tissierellales;f__Family_XI;g__Anaerococcus;s__	0.999993567523487
161	253	c1fa233d044114b0289dab8133ba6a46c21df347	d__Bacteria;p__Actinobacteriota;c__Actinobacteria;o__Actinomycetales;f__Actinomycetaceae;g__Actinomyces;s__	0.9937527120489288
162	252	68f1bad655b99b6526bc7e357c811ed9e9e8f7b0	d__Bacteria;p__Actinobacteriota;c__Actinobacteria;o__Corynebacteriales;f__Corynebacteriaceae;g__Lawsonella;s__	0.9999992017408406
163	254	38fcf9761afc903b18008d467871bb5d4de5582c	d__Bacteria;p__Actinobacteriota;c__Actinobacteria;o__Corynebacteriales;f__Corynebacteriaceae;g__Corynebacterium;s__	0.9741249591262744
164	270	2e97045205c37eec79be68f468b3db1a81df4d8e	d__Bacteria;p__Proteobacteria;c__Alphaproteobacteria;o__Rickettsiales;f__Mitochondria;g__Mitochondria;s__	0.8770914528703697
165	269	767e481ff67842c209b5f4318c47554d20a730bb	d__Bacteria;p__Proteobacteria;c__Alphaproteobacteria;o__Rickettsiales;f__Mitochondria;g__Mitochondria;s__	0.9130090374523144
166	268	00ca370b94cdd8ae16fdd0396cdfe85e09c8ed75	d__Eukaryota	0.7451482772194808
167	266	7b78de4ad2437fd4de0585310d5c6d0cc1f7e15c	Unassigned	0.492994362190889
168	265	02eb41910344982a8bf002b06a9234ce66419830	d__Bacteria	0.7183799047360462
169	267	1af3da365b363280acb2649b3feb6ba28cdd43ad	Unassigned	0.4831771786809287
170	264	150dc1717b81cca0980a2d61de7a32aef7c30e8a	d__Bacteria;p__Proteobacteria;c__Alphaproteobacteria;o__Rickettsiales;f__Mitochondria;g__Mitochondria;s__	0.9081419098731656
171	263	085e8f9332f63b673b91bc4630015ce643229c16	Unassigned	0.5037753885664599
172	262	270d72bc03dd562ddd64b511e0e3c5157dfc8143	d__Bacteria;p__Proteobacteria;c__Alphaproteobacteria;o__Rickettsiales;f__Mitochondria;g__Mitochondria;s__	0.7383910931257412
173	261	289b5fc30695ace001706e3f7722138f8d9a6a87	d__Bacteria;p__Proteobacteria;c__Alphaproteobacteria;o__Rickettsiales;f__Mitochondria;g__Mitochondria;s__	0.7484818175312126
174	259	9d433ad42fe8fe5312e62d1c405bc4a21c1bbb9c	d__Bacteria;p__Proteobacteria;c__Alphaproteobacteria;o__Rickettsiales;f__Mitochondria;g__Mitochondria;s__	0.8740221828268001
175	260	fd5839bead63738908f9370a5664eca4b1aa52e7	d__Bacteria;p__Proteobacteria;c__Alphaproteobacteria;o__Rickettsiales;f__Mitochondria;g__Mitochondria;s__	0.8017979939020736
176	245	915647231c33850d0ef9c023344390c73da73a8f	d__Bacteria;p__Actinobacteriota;c__Actinobacteria;o__Corynebacteriales;f__Corynebacteriaceae;g__Corynebacterium;s__	0.9932026856350552
177	223	98d02145da85f1b186d6a74258bc356f31e3d105	d__Bacteria;p__Bacteroidota;c__Bacteroidia;o__Bacteroidales;f__Prevotellaceae;g__Prevotella_7;s__	0.974392365018262
178	222	587f29842f12ee93e1b696f5d7231e949b2891cb	d__Bacteria;p__Firmicutes;c__Negativicutes;o__Veillonellales-Selenomonadales;f__Veillonellaceae;g__Negativicoccus;s__	0.9999982584862822
179	220	dfb8728a0980dd4603fc73423bc36134302dafbd	d__Bacteria;p__Bacteroidota;c__Bacteroidia;o__Bacteroidales;f__Porphyromonadaceae;g__Porphyromonas;s__	0.946812634460618
180	219	4af10cc3408314d746ae4a36a1a15ed303963ba2	d__Bacteria;p__Actinobacteriota;c__Actinobacteria;o__Actinomycetales;f__Actinomycetaceae;g__Actinotignum;s__	0.9852452044325763
181	221	82b6a809e144ac1a5fd9dddbaa56914e5a0029a2	d__Bacteria;p__Bacteroidota;c__Bacteroidia;o__Bacteroidales;f__Porphyromonadaceae;g__Porphyromonas;s__	0.9915595783960331
182	215	3c15f274beb82dd14662715e19c404b7ff02797c	d__Bacteria;p__Firmicutes;c__Clostridia;o__Peptostreptococcales-Tissierellales;f__Family_XI;g__Ezakiella;s__	0.9999999339889905
183	214	c117bee50f81e98da4a46cbb850454c4614711ed	d__Bacteria;p__Actinobacteriota;c__Actinobacteria;o__Actinomycetales;f__Actinomycetaceae;g__Mobiluncus;s__	0.999998441217876
184	218	ca24ab71532c5a96f6c73694ae5b6588607a0183	d__Bacteria;p__Firmicutes;c__Negativicutes;o__Veillonellales-Selenomonadales;f__Veillonellaceae;g__Negativicoccus;s__	0.985264802599368
185	217	30eda1031e8b098aefa22109a41d3198701ce6bf	d__Bacteria;p__Actinobacteriota;c__Actinobacteria;o__Corynebacteriales;f__Corynebacteriaceae	0.9999980852540092
186	216	feed389f6b970de11efd13f4085973e10557c305	d__Bacteria;p__Firmicutes;c__Clostridia;o__Peptostreptococcales-Tissierellales;f__Family_XI;g__Peptoniphilus;s__	0.9999995574011948
187	213	f70a0da2c78baa603dc709ed003821cb58ed4af0	d__Bacteria;p__Firmicutes;c__Clostridia;o__Peptostreptococcales-Tissierellales;f__Family_XI;g__Peptoniphilus;s__	0.9997358622926136
188	212	3c557da5a8809948fb9761bdca97a896e734d14e	d__Bacteria;p__Firmicutes;c__Clostridia;o__Peptostreptococcales-Tissierellales;f__Family_XI;g__Anaerococcus;s__	0.9999999909284868
189	211	4858c08d0ca5b70749780d19d32b38f4146bac49	d__Bacteria;p__Firmicutes;c__Bacilli;o__Staphylococcales;f__Staphylococcaceae;g__Staphylococcus;s__	0.997399336380128
190	229	e38a74bbdebcdea5cab810afc279318f0e4693df	d__Bacteria;p__Bacteroidota;c__Bacteroidia;o__Bacteroidales;f__Prevotellaceae;g__Prevotella_7;s__	0.963250714970766
191	228	76ea978cb03b21d6264ac02dd247dd298a4000f4	d__Bacteria;p__Actinobacteriota;c__Actinobacteria;o__Actinomycetales;f__Actinomycetaceae;g__Actinomycetaceae;s__	0.9936283199312362
192	226	f26949e4f7fc5051ceaa461a3263a9fac81ab7e1	d__Bacteria;p__Bacteroidota;c__Bacteroidia;o__Bacteroidales;f__Prevotellaceae	0.993326969842488
193	225	e4ce50bf4421f9089287fc869d364e7e7ab6b21f	d__Bacteria;p__Actinobacteriota;c__Actinobacteria;o__Corynebacteriales;f__Corynebacteriaceae;g__Corynebacterium;s__	0.9768411376064652
194	227	cb74e1333523d68d09517f149934b5abb06fb980	d__Bacteria;p__Firmicutes;c__Clostridia;o__Peptostreptococcales-Tissierellales;f__Family_XI;g__Gallicola;s__	0.9999831432298518
195	224	c576a8f6be687d9b185b28f284eaa5465d2ab266	d__Bacteria;p__Bacteroidota;c__Bacteroidia;o__Bacteroidales;f__Porphyromonadaceae;g__Porphyromonas;s__	0.9933057908116985
196	210	445712835d6776aa0a27a0dd055dbd5501911fdb	d__Bacteria;p__Actinobacteriota;c__Actinobacteria;o__Actinomycetales;f__Actinomycetaceae;g__Varibaculum;s__	0.9998493820053382
197	209	85ee645d0d32efa9d68f856c611ceba6175eba91	d__Bacteria;p__Bacteroidota;c__Bacteroidia;o__Bacteroidales;f__Prevotellaceae;g__Prevotella;s__	0.8719479723113392
198	207	45c955a9509fee154c52237e3ed025e483b0d04a	d__Bacteria;p__Firmicutes;c__Clostridia;o__Peptostreptococcales-Tissierellales;f__Family_XI;g__Finegoldia;s__	0.9999989773399108
199	206	f7986644df1b54220d6b859584cd072c36e4ade2	d__Bacteria;p__Firmicutes;c__Negativicutes;o__Veillonellales-Selenomonadales;f__Veillonellaceae;g__Veillonella;s__	0.9999897543932325
200	208	5b50d54d6ec4c91fa846cf2409af521ef106715d	d__Bacteria;p__Firmicutes;c__Clostridia;o__Peptostreptococcales-Tissierellales;f__Family_XI;g__Fenollaria;s__	0.9999988337254118
201	243	0f33d73fbbfe99ec5b205a4adeeef47dd88cc222	d__Bacteria;p__Firmicutes;c__Bacilli;o__Lactobacillales;f__Enterococcaceae;g__Enterococcus;s__	0.7093719109754432
202	242	c184fa158f3b74f89412fcc500ead6af5bff5640	d__Bacteria;p__Actinobacteriota;c__Actinobacteria;o__Micrococcales;f__Dermabacteraceae;g__Dermabacter;s__	0.9991875926873184
203	240	e642a467a195b454263cd1ca4761d691a6bd1d75	d__Bacteria;p__Firmicutes;c__Bacilli;o__Lactobacillales;f__Streptococcaceae;g__Streptococcus;s__	0.9998689165370604
204	238	1915d544d7ff13faa080b4c26fab2a0c02f07374	d__Bacteria;p__Firmicutes;c__Clostridia;o__Peptostreptococcales-Tissierellales;f__Family_XI;g__Peptoniphilus;s__	0.9977744685670602
205	236	87f4b6cbd8c8687efe15d81f3368e19cae14f674	d__Bacteria;p__Bacteroidota;c__Bacteroidia;o__Bacteroidales;f__Prevotellaceae;g__Prevotella;s__	0.844622372015506
206	235	6174346d5776f241c11e6c17990ce90b7a34dcf1	d__Bacteria;p__Firmicutes;c__Clostridia;o__Peptostreptococcales-Tissierellales;f__Family_XI;g__Peptoniphilus;s__	0.9996792309468164
207	234	226feef7a6876d6c5490210030efe121cce6e8dc	d__Bacteria;p__Firmicutes;c__Clostridia;o__Oscillospirales;f__Hungateiclostridiaceae;g__Fastidiosipila;s__	0.8176402627568298
208	237	5a7db0d29a0287f95b82a9e27e305abe3b821219	d__Bacteria;p__Actinobacteriota;c__Actinobacteria;o__Corynebacteriales;f__Corynebacteriaceae;g__Corynebacterium;s__	0.9970707250868698
209	233	2935f4d9643f9002427befbbfd4a2d9864d09694	d__Bacteria;p__Actinobacteriota;c__Actinobacteria;o__Corynebacteriales;f__Corynebacteriaceae	0.999984761996791
210	232	34e9d27f38f804b8695f338e15cae99e34aeb201	d__Bacteria;p__Firmicutes;c__Clostridia;o__Peptostreptococcales-Tissierellales;f__Family_XI;g__Peptoniphilus;s__	0.9999197824237256
211	241	0628135b28b1f99e3befa2ad8416f7925b5c89fd	d__Bacteria;p__Firmicutes;c__Bacilli;o__Lactobacillales;f__Aerococcaceae;g__Eremococcus;s__	0.9423764741779278
212	239	d3bc3c089fbad2c78179263f28b1cf6d31c7cd74	d__Bacteria;p__Firmicutes;c__Clostridia;o__Peptococcales;f__Peptococcaceae;g__Peptococcus;s__	0.9998144386801116
213	231	5e28fd7f46e6710c147fdd682b39fa0931abc23c	d__Bacteria;p__Firmicutes;c__Clostridia;o__Peptostreptococcales-Tissierellales;f__Family_XI;g__Anaerococcus;s__	0.9999988117888232
214	230	cd4feb6fd3aeb0fcc526d94d727c741293db4ea2	d__Bacteria;p__Firmicutes;c__Negativicutes;o__Veillonellales-Selenomonadales;f__Veillonellaceae;g__Dialister;s__	0.9969610242981176
215	244	95c3c886d0c1180268627aa195b9d97ec9a97302	d__Bacteria;p__Firmicutes;c__Clostridia;o__Peptostreptococcales-Tissierellales;f__Anaerovoracaceae;g__S5-A14a;s__	0.9996123241141898
216	175	198e8218b896c0562e43b6b321b4368ed643d936	d__Bacteria;p__Proteobacteria;c__Gammaproteobacteria;o__Pseudomonadales;f__Moraxellaceae;g__Acinetobacter;s__	0.9999901158428688
217	174	474b0903cd837f94b3f8f2864869757fe539ca1f	d__Bacteria;p__Proteobacteria;c__Alphaproteobacteria;o__Reyranellales;f__Reyranellaceae;g__Reyranella;s__	0.9999998453055644
218	62	270d8416671a42b58e746d817a82e687231334f0	d__Bacteria;p__Actinobacteriota;c__Rubrobacteria;o__Rubrobacterales;f__Rubrobacteriaceae;g__Rubrobacter;s__	0.9999553306303898
219	61	9a1fbfb9a24a418fa5dc001730cdbe2e2838aae3	d__Bacteria;p__Proteobacteria;c__Alphaproteobacteria;o__Sphingomonadales;f__Sphingomonadaceae;g__Sphingomonas;s__	0.7808390594962902
220	173	b222d919992d8a5c5a429aa7ad0a30965563f077	d__Bacteria;p__Proteobacteria;c__Gammaproteobacteria;o__Pseudomonadales;f__Moraxellaceae;g__Acinetobacter;s__	0.9999922607122677
221	202	02753a2e0e9b056dda9bd49bd42fc364f11b1029	d__Bacteria;p__Proteobacteria;c__Alphaproteobacteria;o__Sphingomonadales;f__Sphingomonadaceae;g__Qipengyuania;s__	0.8533001970557493
222	201	00ed48c7114cb4ad96ae88a10119f78e946308ed	d__Bacteria;p__Proteobacteria;c__Alphaproteobacteria;o__Sphingomonadales;f__Sphingomonadaceae;g__Sphingomonas;s__	0.9135382680508214
223	203	3c60585944b45c6f45aebfb489bf3ab7b96321d8	d__Bacteria;p__Firmicutes;c__Bacilli;o__Lactobacillales;f__Streptococcaceae;g__Streptococcus;s__	0.9995591362129947
224	200	0047d5c1289f9a3f4a052b5867434d1bf97738dc	d__Bacteria;p__Proteobacteria;c__Gammaproteobacteria;o__Burkholderiales;f__Oxalobacteraceae;g__Janthinobacterium;s__	0.9775010097539798
225	205	74ae5d404e2cb52f759ca157ef6f6936e98ae942	d__Bacteria;p__Firmicutes;c__Clostridia;o__Peptostreptococcales-Tissierellales;f__Family_XI;g__Ezakiella;s__	0.999992779803566
226	204	bf306d3c65f3410a2ed0845bd467e97442e6b197	d__Bacteria;p__Campylobacterota;c__Campylobacteria;o__Campylobacterales;f__Campylobacteraceae;g__Campylobacter;s__	0.9998704345447093
227	197	014d6d2c9348fd226e22283b773721db8e2df2c1	d__Bacteria;p__Firmicutes;c__Bacilli;o__Lactobacillales;f__Streptococcaceae;g__Streptococcus;s__	0.999997253640677
228	196	0c5cec223e6afb08d5fb4675b2f213838e17a8b9	d__Bacteria;p__Proteobacteria;c__Gammaproteobacteria;o__Enterobacterales;f__Enterobacteriaceae	0.9538039738521656
229	199	05b80abdb424da307764afcbb4fd47143d434614	d__Bacteria;p__Proteobacteria;c__Alphaproteobacteria;o__Sphingomonadales;f__Sphingomonadaceae	0.9999816457105618
230	198	00148218b50f05cac48b5b113effce0b924a1a13	d__Bacteria;p__Proteobacteria;c__Gammaproteobacteria;o__Burkholderiales;f__Hydrogenophilaceae;g__Hydrogenophilus;s__	0.9999996962931624
231	195	003ca2e308dde53d53f286a6a2aecc69cf7f253c	d__Bacteria;p__Proteobacteria;c__Alphaproteobacteria;o__Rhizobiales;f__Xanthobacteraceae;g__Bradyrhizobium;s__	0.7314052238391505
232	194	06cac547802bd7bf8fc491dff10346727979a577	d__Bacteria;p__Proteobacteria;c__Alphaproteobacteria;o__Rickettsiales;f__Mitochondria;g__Mitochondria;s__	0.9571446337361708
233	193	28fcf268bb195dc22464dfed9abf2249185b0d7f	d__Bacteria;p__Firmicutes;c__Clostridia;o__Peptostreptococcales-Tissierellales;f__Family_XI;g__Anaerococcus;s__	0.999999993556827
234	192	019de9556443dbe449e545c2d1fa03cbc0351129	d__Bacteria;p__Proteobacteria;c__Alphaproteobacteria;o__Rhodobacterales;f__Rhodobacteraceae;g__Paracoccus;s__	0.8961608601740487
235	191	004314a09af7bf6504c5a63b28a4400327de3e4d	d__Bacteria;p__Proteobacteria;c__Alphaproteobacteria;o__Sphingomonadales;f__Sphingomonadaceae	0.9999987782023528
236	190	680e294f0987f10831c42ff9c63cd4d3bc40c0fd	d__Bacteria;p__Proteobacteria;c__Alphaproteobacteria;o__Sphingomonadales;f__Sphingomonadaceae;g__Sphingomonas;s__	0.8345148462350069
237	189	32850bc9dad21b1034be625129e1f8ea87cc4a1c	d__Bacteria;p__Proteobacteria;c__Alphaproteobacteria;o__Rickettsiales;f__Mitochondria;g__Mitochondria;s__	0.9067838686655006
238	188	002c0dd229b9775b984202bcabef6892925fc056	d__Bacteria;p__Actinobacteriota;c__Actinobacteria;o__Corynebacteriales;f__Corynebacteriaceae;g__Corynebacterium;s__	0.9655492961962596
239	187	07eaf3bf6c6eaa2496a0c7aa11759a2e632fd513	d__Bacteria;p__Proteobacteria;c__Gammaproteobacteria;o__Pseudomonadales;f__Pseudomonadaceae;g__Pseudomonas;s__	0.9967213726404156
240	177	0022382e3e3639b718948298f5c0477bbe913845	d__Bacteria;p__Proteobacteria;c__Gammaproteobacteria;o__Pseudomonadales;f__Moraxellaceae;g__Acinetobacter;s__	0.9999482605313808
241	176	03f59e002aaf68cceb9bb121838fe6f14eae1e47	d__Bacteria;p__Proteobacteria;c__Alphaproteobacteria;o__Rickettsiales;f__Mitochondria;g__Mitochondria;s__	0.8491012821623686
242	185	30a086522b32a1b039e580ed50aee8eb93bedc41	d__Bacteria;p__Proteobacteria;c__Gammaproteobacteria;o__Burkholderiales;f__Oxalobacteraceae;g__Massilia;s__	0.979882095040993
243	184	459bc845156fceaf74396891e4e55c8c5ce112f7	d__Bacteria;p__Proteobacteria;c__Gammaproteobacteria;o__Burkholderiales;f__Comamonadaceae;g__Delftia;s__	0.9034102552934312
244	186	0022d74918d075ea2c1e26c8355b8dc1633d8458	d__Bacteria;p__Actinobacteriota;c__Actinobacteria;o__Micrococcales;f__Micrococcaceae;g__Kocuria;s__	0.9722979067545372
245	183	8bbc0246383321a47b73bc182ee90e778f289e19	d__Bacteria;p__Proteobacteria;c__Alphaproteobacteria;o__Rickettsiales;f__Mitochondria;g__Mitochondria;s__	0.9278818968483662
246	182	3ce7117f9e3f48d23f4237786f53bba1cbc0195a	d__Bacteria;p__Proteobacteria;c__Alphaproteobacteria;o__Rickettsiales;f__Mitochondria;g__Mitochondria;s__	0.8759159548606009
247	180	035e6ab1a1e4338073de3378b0fd1e455699949f	d__Bacteria;p__Proteobacteria;c__Alphaproteobacteria;o__Rickettsiales;f__Mitochondria;g__Mitochondria;s__	0.8849915916220682
248	181	01d4f619ef343f635b322e98d38969bb8de35d11	d__Bacteria;p__Proteobacteria;c__Gammaproteobacteria;o__Pseudomonadales;f__Moraxellaceae;g__Acinetobacter;s__	0.9997467763756508
249	47	4444fc8c2fd810ae52b42b45c5eeccc7e013d827	d__Bacteria;p__Actinobacteriota;c__Actinobacteria;o__Corynebacteriales;f__Corynebacteriaceae;g__Corynebacterium;s__	0.9272177845450018
250	179	2b8eb83eda419805d72539e8a28055a5bff3d2d8	d__Bacteria;p__Firmicutes;c__Negativicutes;o__Veillonellales-Selenomonadales;f__Veillonellaceae;g__Veillonella;s__	0.9999997670232108
251	178	17cc4d5272b74b3823517f34ddc112f764715e54	d__Bacteria;p__Proteobacteria;c__Alphaproteobacteria;o__Rickettsiales;f__Mitochondria;g__Mitochondria;s__	0.8475707649036781
252	58	36ff603dba559791b9df47b7145af18473051dbd	d__Bacteria;p__Firmicutes;c__Negativicutes;o__Veillonellales-Selenomonadales;f__Veillonellaceae;g__Dialister;s__	0.9970646036051888
253	57	5e3c2bc7c1c02018b79aeb48df5022c8ae36b912	d__Bacteria;p__Fusobacteriota;c__Fusobacteriia;o__Fusobacteriales;f__Fusobacteriaceae;g__Fusobacterium;s__	0.999999839878781
254	56	0f271befc53d0724eab1723e3ed880f1e72c8773	d__Bacteria;p__Actinobacteriota;c__Actinobacteria;o__Actinomycetales;f__Actinomycetaceae;g__Mobiluncus;s__	0.999999944049195
255	55	7de0093ae315e21589c9c4ff212cf8480b17bdb4	d__Bacteria;p__Firmicutes;c__Negativicutes;o__Veillonellales-Selenomonadales;f__Veillonellaceae;g__Dialister;s__	0.998999961711022
256	54	d0f7cb90f3974a25312927025618f3480ec97633	d__Bacteria;p__Actinobacteriota;c__Actinobacteria;o__Corynebacteriales;f__Corynebacteriaceae;g__Lawsonella;s__	0.9999990341842252
257	53	42566a653981c3a408fc6a927115ed297904a7dc	d__Bacteria;p__Proteobacteria;c__Alphaproteobacteria;o__Rhizobiales;f__Beijerinckiaceae;g__Methylobacterium-Methylorubrum;s__	0.9906280970524176
258	52	224c5a831f0c6ee38aa5b437058e289df217b7ce	d__Bacteria;p__Proteobacteria;c__Gammaproteobacteria;o__Pseudomonadales;f__Moraxellaceae;g__Acinetobacter;s__	0.9998158472241352
259	49	826c69c41d7d1d4937905ab115efbe34765dd886	d__Bacteria;p__Proteobacteria;c__Alphaproteobacteria;o__Caulobacterales;f__Caulobacteraceae;g__Brevundimonas;s__	0.9883099027535464
260	48	e0ad4495d67f801b978f1e606383e26bfe7654ce	d__Bacteria;p__Proteobacteria;c__Alphaproteobacteria;o__Sphingomonadales;f__Sphingomonadaceae	0.9999996638204152
261	50	7829d9aa74f0c22643b39e95e868101e1b732c4b	d__Bacteria;p__Proteobacteria;c__Alphaproteobacteria;o__Rhizobiales;f__Beijerinckiaceae;g__Methylobacterium-Methylorubrum;s__	0.9910242197112497
262	44	86c8b0bfd46c636ca8508929cfd3f6116233b94e	d__Bacteria;p__Actinobacteriota;c__Actinobacteria;o__Corynebacteriales;f__Corynebacteriaceae;g__Corynebacterium;s__	0.9951096367031764
263	43	88ebeb83fd721af90a357a266387d30e870699b8	d__Bacteria;p__Proteobacteria;c__Alphaproteobacteria;o__Rickettsiales;f__Mitochondria;g__Mitochondria;s__	0.7288597850966341
264	42	a1f455f97a023231799a3d05cc7bbe413fc711fe	d__Bacteria;p__Proteobacteria;c__Alphaproteobacteria;o__Acetobacterales;f__Acetobacteraceae;g__Roseomonas;s__	0.8152234517017485
265	41	864e71ea41d4feaefaf6e085281e3a4f43b2954f	Unassigned	0.6936178762618015
266	46	6855ca2c00f2bf920eb0a047de45c495953d7462	d__Bacteria;p__Proteobacteria;c__Gammaproteobacteria;o__Burkholderiales;f__Comamonadaceae;g__Schlegelella;s__	0.9968665431806806
267	45	7ae19dbb92c80a26831f48921d0192b1edb769a7	d__Bacteria;p__Firmicutes;c__Negativicutes;o__Veillonellales-Selenomonadales;f__Veillonellaceae;g__Negativicoccus;s__	0.9999999404954014
268	51	ca517d16a10a0a148c5fef0568496eb966e0a67f	d__Bacteria;p__Actinobacteriota;c__Actinobacteria;o__Micrococcales;f__Dermabacteraceae;g__Brachybacterium;s__	0.9985823491694944
269	14	ecee48a7001e0b07487f102eaac6c1a4469d4a60	d__Bacteria;p__Proteobacteria;c__Gammaproteobacteria;o__Pseudomonadales;f__Pseudomonadaceae;g__Pseudomonas;s__	0.9582977447387808
270	13	dfdee9514aea6970f516e22621e250088fae41d3	d__Bacteria;p__Actinobacteriota;c__Actinobacteria;o__Corynebacteriales;f__Corynebacteriaceae	0.9999998755940528
